accuracy,precision,recall,f1,pr_auc,model,household,scenario,split_type,leak_start,leak_end
0.9895377983362194,0.0,0.0,0.0,,Majority baseline,hh-01,No missingness/original,stratified,2021-04-09 00:36:00+00:00,2021-04-11 00:35:00+00:00
0.961238995919257,0.052470317885867486,0.15856481481481483,0.07884892086330936,0.13764165838471856,Night threshold,hh-01,No missingness/original,stratified,2021-04-09 00:36:00+00:00,2021-04-11 00:35:00+00:00
0.9999636729108896,1.0,0.9965277777777778,0.9982608695652174,1.0,Random Forest,hh-01,No missingness/original,stratified,2021-04-09 00:36:00+00:00,2021-04-11 00:35:00+00:00
0.9999394548514827,1.0,0.9942129629629629,0.9970980847359258,0.999968025220961,Gradient Boosting,hh-01,No missingness/original,stratified,2021-04-09 00:36:00+00:00,2021-04-11 00:35:00+00:00
0.9679231803155613,0.2156737814590634,0.7835648148148148,0.3382463152635523,0.19114993214321513,Isolation Forest best gamma=0.03,hh-01,No missingness/original,stratified,2021-04-09 00:36:00+00:00,2021-04-11 00:35:00+00:00
0.9895377983362194,0.0,0.0,0.0,,Majority baseline,hh-01,Single linear imputation,stratified,2021-04-09 00:36:00+00:00,2021-04-11 00:35:00+00:00
0.9616507029291743,0.059318790662074246,0.17939814814814814,0.08915731952832902,0.13124188360827801,Night threshold,hh-01,Single linear imputation,stratified,2021-04-09 00:36:00+00:00,2021-04-11 00:35:00+00:00
1.0,1.0,1.0,1.0,1.0,Random Forest,hh-01,Single linear imputation,stratified,2021-04-09 00:36:00+00:00,2021-04-11 00:35:00+00:00
0.9999636729108896,0.9965397923875432,1.0,0.9982668977469671,0.998823955304539,Gradient Boosting,hh-01,Single linear imputation,stratified,2021-04-09 00:36:00+00:00,2021-04-11 00:35:00+00:00
0.9903854304154608,0.5405092592592593,0.5405092592592593,0.5405092592592593,0.6221570858851769,Isolation Forest best gamma=0.005,hh-01,Single linear imputation,stratified,2021-04-09 00:36:00+00:00,2021-04-11 00:35:00+00:00
0.9895377983362194,0.0,0.0,0.0,,Majority baseline,hh-01,Single forward-fill imputation,stratified,2021-04-09 00:36:00+00:00,2021-04-11 00:35:00+00:00
0.9608515069687465,0.03494307027875933,0.10300925925925926,0.05218411023160364,0.09079603554969817,Night threshold,hh-01,Single forward-fill imputation,stratified,2021-04-09 00:36:00+00:00,2021-04-11 00:35:00+00:00
0.9998668006732621,0.9874285714285714,1.0,0.9936745255894192,0.9996019487625823,Random Forest,hh-01,Single forward-fill imputation,stratified,2021-04-09 00:36:00+00:00,2021-04-11 00:35:00+00:00
0.9999152367920758,1.0,0.9918981481481481,0.9959325973271353,0.9998981481481481,Gradient Boosting,hh-01,Single forward-fill imputation,stratified,2021-04-09 00:36:00+00:00,2021-04-11 00:35:00+00:00
0.9793419953259145,0.3235540653813915,0.8935185185185185,0.47507692307692306,0.29489148304834545,Isolation Forest best gamma=0.02,hh-01,Single forward-fill imputation,stratified,2021-04-09 00:36:00+00:00,2021-04-11 00:35:00+00:00
0.9895377983362194,0.0,0.0,0.0,,Majority baseline,hh-01,Single seasonal-profile imputation,stratified,2021-04-09 00:36:00+00:00,2021-04-11 00:35:00+00:00
0.9608272889093397,0.03491565319733229,0.10300925925925926,0.052153530618224433,0.05217208602391865,Night threshold,hh-01,Single seasonal-profile imputation,stratified,2021-04-09 00:36:00+00:00,2021-04-11 00:35:00+00:00
0.9999878909702965,0.9988439306358381,1.0,0.9994216310005783,1.0,Random Forest,hh-01,Single seasonal-profile imputation,stratified,2021-04-09 00:36:00+00:00,2021-04-11 00:35:00+00:00
0.9999757819405931,0.9976905311778291,1.0,0.9988439306358381,1.0000000000000002,Gradient Boosting,hh-01,Single seasonal-profile imputation,stratified,2021-04-09 00:36:00+00:00,2021-04-11 00:35:00+00:00
0.9681411428502235,0.21836149187121454,0.7928240740740741,0.34241439640089977,0.20446241011628463,Isolation Forest best gamma=0.03,hh-01,Single seasonal-profile imputation,stratified,2021-04-09 00:36:00+00:00,2021-04-11 00:35:00+00:00
0.9895377983362194,0.0,0.0,0.0,,Majority baseline,hh-01,Gap-adaptive imputation,stratified,2021-04-09 00:36:00+00:00,2021-04-11 00:35:00+00:00
0.9608272889093397,0.03528028224225794,0.10416666666666667,0.0527086383601757,0.06494031966691931,Night threshold,hh-01,Gap-adaptive imputation,stratified,2021-04-09 00:36:00+00:00,2021-04-11 00:35:00+00:00
0.9999757819405931,0.9988425925925926,0.9988425925925926,0.9988425925925926,0.9999959951300782,Random Forest,hh-01,Gap-adaptive imputation,stratified,2021-04-09 00:36:00+00:00,2021-04-11 00:35:00+00:00
0.9999757819405931,0.9988425925925926,0.9988425925925926,0.9988425925925926,0.9999959951300781,Gradient Boosting,hh-01,Gap-adaptive imputation,stratified,2021-04-09 00:36:00+00:00,2021-04-11 00:35:00+00:00
0.9673540559194992,0.20045781556572922,0.7094907407407407,0.3125956144824069,0.21366506017566514,Isolation Forest best gamma=0.03,hh-01,Gap-adaptive imputation,stratified,2021-04-09 00:36:00+00:00,2021-04-11 00:35:00+00:00
0.9945651490180785,0.0,0.0,0.0,,Majority baseline,hh-02,No missingness/original,stratified,2021-10-09 09:51:00+00:00,2021-10-11 09:50:00+00:00
0.9401726068413703,0.0,0.0,0.0,0.03667693490154425,Night threshold,hh-02,No missingness/original,stratified,2021-10-09 09:51:00+00:00,2021-10-11 09:50:00+00:00
0.9999874193264308,1.0,0.9976851851851852,0.9988412514484357,1.0,Random Forest,hh-02,No missingness/original,stratified,2021-10-09 09:51:00+00:00,2021-10-11 09:50:00+00:00
0.9999811289896461,0.9988412514484357,0.9976851851851852,0.998262883613202,0.9994815728655505,Gradient Boosting,hh-02,No missingness/original,stratified,2021-10-09 09:51:00+00:00,2021-10-11 09:50:00+00:00
0.9477524626668512,0.040730683781782274,0.3819444444444444,0.07361142092348874,0.045876903339724405,Isolation Forest best gamma=0.05,hh-02,No missingness/original,stratified,2021-10-09 09:51:00+00:00,2021-10-11 09:50:00+00:00
0.9945651490180785,0.0,0.0,0.0,,Majority baseline,hh-02,Single linear imputation,stratified,2021-10-09 09:51:00+00:00,2021-10-11 09:50:00+00:00
0.940178897178155,0.0,0.0,0.0,0.036294163168537896,Night threshold,hh-02,Single linear imputation,stratified,2021-10-09 09:51:00+00:00,2021-10-11 09:50:00+00:00
0.9999874193264308,1.0,0.9976851851851852,0.9988412514484357,1.0,Random Forest,hh-02,Single linear imputation,stratified,2021-10-09 09:51:00+00:00,2021-10-11 09:50:00+00:00
0.9999874193264308,1.0,0.9976851851851852,0.9988412514484357,1.0,Gradient Boosting,hh-02,Single linear imputation,stratified,2021-10-09 09:51:00+00:00,2021-10-11 09:50:00+00:00
0.9471108483148187,0.028617845538615346,0.2650462962962963,0.05165801939995488,0.042464767945846506,Isolation Forest best gamma=0.05,hh-02,Single linear imputation,stratified,2021-10-09 09:51:00+00:00,2021-10-11 09:50:00+00:00
0.9945651490180785,0.0,0.0,0.0,,Majority baseline,hh-02,Single forward-fill imputation,stratified,2021-10-09 09:51:00+00:00,2021-10-11 09:50:00+00:00
0.9389019588108747,0.0,0.0,0.0,0.036080035802914134,Night threshold,hh-02,Single forward-fill imputation,stratified,2021-10-09 09:51:00+00:00,2021-10-11 09:50:00+00:00
0.9999874193264308,1.0,0.9976851851851852,0.9988412514484357,1.0,Random Forest,hh-02,Single forward-fill imputation,stratified,2021-10-09 09:51:00+00:00,2021-10-11 09:50:00+00:00
0.9999874193264308,1.0,0.9976851851851852,0.9988412514484357,0.9999708994708995,Gradient Boosting,hh-02,Single forward-fill imputation,stratified,2021-10-09 09:51:00+00:00,2021-10-11 09:50:00+00:00
0.947073106294111,0.03163771712158809,0.2951388888888889,0.057149260421335724,0.04434222553141673,Isolation Forest best gamma=0.05,hh-02,Single forward-fill imputation,stratified,2021-10-09 09:51:00+00:00,2021-10-11 09:50:00+00:00
0.9945651490180785,0.0,0.0,0.0,,Majority baseline,hh-02,Single seasonal-profile imputation,stratified,2021-10-09 09:51:00+00:00,2021-10-11 09:50:00+00:00
0.9431101941197931,0.0,0.0,0.0,0.03842629287670721,Night threshold,hh-02,Single seasonal-profile imputation,stratified,2021-10-09 09:51:00+00:00,2021-10-11 09:50:00+00:00
0.9999874193264308,1.0,0.9976851851851852,0.9988412514484357,1.0,Random Forest,hh-02,Single seasonal-profile imputation,stratified,2021-10-09 09:51:00+00:00,2021-10-11 09:50:00+00:00
0.9999874193264308,1.0,0.9976851851851852,0.9988412514484357,0.9999579124579124,Gradient Boosting,hh-02,Single seasonal-profile imputation,stratified,2021-10-09 09:51:00+00:00,2021-10-11 09:50:00+00:00
0.9478027853611283,0.04314159292035398,0.40625,0.078,0.047197305947811415,Isolation Forest best gamma=0.05,hh-02,Single seasonal-profile imputation,stratified,2021-10-09 09:51:00+00:00,2021-10-11 09:50:00+00:00
0.9945651490180785,0.0,0.0,0.0,,Majority baseline,hh-02,Gap-adaptive imputation,stratified,2021-10-09 09:51:00+00:00,2021-10-11 09:50:00+00:00
0.943129065130147,0.0,0.0,0.0,0.038422585104707814,Night threshold,hh-02,Gap-adaptive imputation,stratified,2021-10-09 09:51:00+00:00,2021-10-11 09:50:00+00:00
0.9999874193264308,1.0,0.9976851851851852,0.9988412514484357,1.0,Random Forest,hh-02,Gap-adaptive imputation,stratified,2021-10-09 09:51:00+00:00,2021-10-11 09:50:00+00:00
0.9999811289896461,0.9988412514484357,0.9976851851851852,0.998262883613202,0.9999604980407029,Gradient Boosting,hh-02,Gap-adaptive imputation,stratified,2021-10-09 09:51:00+00:00,2021-10-11 09:50:00+00:00
0.9470164932630493,0.031718498327344816,0.2962962962962963,0.05730274202574147,0.04412986512818036,Isolation Forest best gamma=0.05,hh-02,Gap-adaptive imputation,stratified,2021-10-09 09:51:00+00:00,2021-10-11 09:50:00+00:00
0.9914628723877279,0.0,0.0,0.0,,Majority baseline,hh-03,No missingness/original,stratified,2021-07-21 04:17:00+00:00,2021-07-23 04:16:00+00:00
0.9739933797737266,0.21035386631716907,0.7430555555555556,0.32788559754851887,0.14666455013929935,Night threshold,hh-03,No missingness/original,stratified,2021-07-21 04:17:00+00:00,2021-07-23 04:16:00+00:00
0.9999901190652636,1.0,0.9988425925925926,0.9994209612044007,1.0,Random Forest,hh-03,No missingness/original,stratified,2021-07-21 04:17:00+00:00,2021-07-23 04:16:00+00:00
0.9999901190652636,1.0,0.9988425925925926,0.9994209612044007,0.998852473527329,Gradient Boosting,hh-03,No missingness/original,stratified,2021-07-21 04:17:00+00:00,2021-07-23 04:16:00+00:00
0.9939034632676251,0.5976284584980237,0.875,0.7101925786754345,0.46329720077874864,Isolation Forest best gamma=0.005,hh-03,No missingness/original,stratified,2021-07-21 04:17:00+00:00,2021-07-23 04:16:00+00:00
0.9914628723877279,0.0,0.0,0.0,,Majority baseline,hh-03,Single linear imputation,stratified,2021-07-21 04:17:00+00:00,2021-07-23 04:16:00+00:00
0.9739637369695173,0.21033693163231926,0.7442129629629629,0.32797755674572815,0.1465642352959183,Night threshold,hh-03,Single linear imputation,stratified,2021-07-21 04:17:00+00:00,2021-07-23 04:16:00+00:00
0.9999901190652636,1.0,0.9988425925925926,0.9994209612044007,1.0,Random Forest,hh-03,Single linear imputation,stratified,2021-07-21 04:17:00+00:00,2021-07-23 04:16:00+00:00
0.9999901190652636,1.0,0.9988425925925926,0.9994209612044007,0.998852473527329,Gradient Boosting,hh-03,Single linear imputation,stratified,2021-07-21 04:17:00+00:00,2021-07-23 04:16:00+00:00
0.9934983449434317,0.5825320512820513,0.8414351851851852,0.6884469696969697,0.4586832364239786,Isolation Forest best gamma=0.005,hh-03,Single linear imputation,stratified,2021-07-21 04:17:00+00:00,2021-07-23 04:16:00+00:00
0.9914628723877279,0.0,0.0,0.0,,Majority baseline,hh-03,Single forward-fill imputation,stratified,2021-07-21 04:17:00+00:00,2021-07-23 04:16:00+00:00
0.9739538560347809,0.20969855832241152,0.7407407407407407,0.3268641470888662,0.14651412982054593,Night threshold,hh-03,Single forward-fill imputation,stratified,2021-07-21 04:17:00+00:00,2021-07-23 04:16:00+00:00
0.9999901190652636,1.0,0.9988425925925926,0.9994209612044007,1.0,Random Forest,hh-03,Single forward-fill imputation,stratified,2021-07-21 04:17:00+00:00,2021-07-23 04:16:00+00:00
0.9999901190652636,1.0,0.9988425925925926,0.9994209612044007,0.9988527247154749,Gradient Boosting,hh-03,Single forward-fill imputation,stratified,2021-07-21 04:17:00+00:00,2021-07-23 04:16:00+00:00
0.993320488118176,0.580895008605852,0.78125,0.6663376110562685,0.5060404333289008,Isolation Forest best gamma=0.005,hh-03,Single forward-fill imputation,stratified,2021-07-21 04:17:00+00:00,2021-07-23 04:16:00+00:00
0.9914628723877279,0.0,0.0,0.0,,Majority baseline,hh-03,Single seasonal-profile imputation,stratified,2021-07-21 04:17:00+00:00,2021-07-23 04:16:00+00:00
0.9740329035126722,0.21157619359058208,0.7488425925925926,0.32993370729219784,0.14671475957989025,Night threshold,hh-03,Single seasonal-profile imputation,stratified,2021-07-21 04:17:00+00:00,2021-07-23 04:16:00+00:00
0.9999901190652636,1.0,0.9988425925925926,0.9994209612044007,1.0,Random Forest,hh-03,Single seasonal-profile imputation,stratified,2021-07-21 04:17:00+00:00,2021-07-23 04:16:00+00:00
0.9999901190652636,1.0,0.9988425925925926,0.9994209612044007,0.998852473527329,Gradient Boosting,hh-03,Single seasonal-profile imputation,stratified,2021-07-21 04:17:00+00:00,2021-07-23 04:16:00+00:00
0.993577392421323,0.5834633385335414,0.8657407407407407,0.6971109040074557,0.4892092180056316,Isolation Forest best gamma=0.005,hh-03,Single seasonal-profile imputation,stratified,2021-07-21 04:17:00+00:00,2021-07-23 04:16:00+00:00
0.9914628723877279,0.0,0.0,0.0,,Majority baseline,hh-03,Gap-adaptive imputation,stratified,2021-07-21 04:17:00+00:00,2021-07-23 04:16:00+00:00
0.9739637369695173,0.21033693163231926,0.7442129629629629,0.32797755674572815,0.14656423529591833,Night threshold,hh-03,Gap-adaptive imputation,stratified,2021-07-21 04:17:00+00:00,2021-07-23 04:16:00+00:00
0.9999901190652636,1.0,0.9988425925925926,0.9994209612044007,1.0,Random Forest,hh-03,Gap-adaptive imputation,stratified,2021-07-21 04:17:00+00:00,2021-07-23 04:16:00+00:00
0.9999901190652636,1.0,0.9988425925925926,0.9994209612044007,0.998852473527329,Gradient Boosting,hh-03,Gap-adaptive imputation,stratified,2021-07-21 04:17:00+00:00,2021-07-23 04:16:00+00:00
0.9941900103749814,0.6069767441860465,0.90625,0.7270194986072424,0.5236257915041838,Isolation Forest best gamma=0.005,hh-03,Gap-adaptive imputation,stratified,2021-07-21 04:17:00+00:00,2021-07-23 04:16:00+00:00
0.9962411739370658,0.0,0.0,0.0,,Majority baseline,hh-04,No missingness/original,stratified,2022-01-24 19:29:00+00:00,2022-01-26 19:28:00+00:00
0.9870007265323525,0.22429906542056074,1.0,0.366412213740458,1.0,Night threshold,hh-04,No missingness/original,stratified,2022-01-24 19:29:00+00:00,2022-01-26 19:28:00+00:00
1.0,1.0,1.0,1.0,1.0,Random Forest,hh-04,No missingness/original,stratified,2022-01-24 19:29:00+00:00,2022-01-26 19:28:00+00:00
1.0,1.0,1.0,1.0,1.0,Gradient Boosting,hh-04,No missingness/original,stratified,2022-01-24 19:29:00+00:00,2022-01-26 19:28:00+00:00
0.9950708912855272,0.43264897346019027,1.0,0.6039846207619713,0.8010110923366028,Isolation Forest best gamma=0.005,hh-04,No missingness/original,stratified,2022-01-24 19:29:00+00:00,2022-01-26 19:28:00+00:00
0.9962411739370658,0.0,0.0,0.0,,Majority baseline,hh-04,Single linear imputation,stratified,2022-01-24 19:29:00+00:00,2022-01-26 19:28:00+00:00
0.9870007265323525,0.22429906542056074,1.0,0.366412213740458,1.0,Night threshold,hh-04,Single linear imputation,stratified,2022-01-24 19:29:00+00:00,2022-01-26 19:28:00+00:00
1.0,1.0,1.0,1.0,1.0,Random Forest,hh-04,Single linear imputation,stratified,2022-01-24 19:29:00+00:00,2022-01-26 19:28:00+00:00
1.0,1.0,1.0,1.0,1.0,Gradient Boosting,hh-04,Single linear imputation,stratified,2022-01-24 19:29:00+00:00,2022-01-26 19:28:00+00:00
0.995079592271784,0.4330155544405419,0.9988425925925926,0.6041302065103256,0.6469809306596812,Isolation Forest best gamma=0.005,hh-04,Single linear imputation,stratified,2022-01-24 19:29:00+00:00,2022-01-26 19:28:00+00:00
0.9962411739370658,0.0,0.0,0.0,,Majority baseline,hh-04,Single forward-fill imputation,stratified,2022-01-24 19:29:00+00:00,2022-01-26 19:28:00+00:00
0.9870007265323525,0.22429906542056074,1.0,0.366412213740458,1.0,Night threshold,hh-04,Single forward-fill imputation,stratified,2022-01-24 19:29:00+00:00,2022-01-26 19:28:00+00:00
1.0,1.0,1.0,1.0,1.0,Random Forest,hh-04,Single forward-fill imputation,stratified,2022-01-24 19:29:00+00:00,2022-01-26 19:28:00+00:00
1.0,1.0,1.0,1.0,1.0,Gradient Boosting,hh-04,Single forward-fill imputation,stratified,2022-01-24 19:29:00+00:00,2022-01-26 19:28:00+00:00
0.9950752417786556,0.4327983951855567,0.9988425925925926,0.6039188243526942,0.6134782033141196,Isolation Forest best gamma=0.005,hh-04,Single forward-fill imputation,stratified,2022-01-24 19:29:00+00:00,2022-01-26 19:28:00+00:00
0.9962411739370658,0.0,0.0,0.0,,Majority baseline,hh-04,Single seasonal-profile imputation,stratified,2022-01-24 19:29:00+00:00,2022-01-26 19:28:00+00:00
0.9870007265323525,0.22429906542056074,1.0,0.366412213740458,1.0,Night threshold,hh-04,Single seasonal-profile imputation,stratified,2022-01-24 19:29:00+00:00,2022-01-26 19:28:00+00:00
1.0,1.0,1.0,1.0,1.0,Random Forest,hh-04,Single seasonal-profile imputation,stratified,2022-01-24 19:29:00+00:00,2022-01-26 19:28:00+00:00
1.0,1.0,1.0,1.0,1.0,Gradient Boosting,hh-04,Single seasonal-profile imputation,stratified,2022-01-24 19:29:00+00:00,2022-01-26 19:28:00+00:00
0.9951317981893247,0.4356385663806159,0.9988425925925926,0.6066783831282953,0.5616026008103688,Isolation Forest best gamma=0.005,hh-04,Single seasonal-profile imputation,stratified,2022-01-24 19:29:00+00:00,2022-01-26 19:28:00+00:00
0.9962411739370658,0.0,0.0,0.0,,Majority baseline,hh-04,Gap-adaptive imputation,stratified,2022-01-24 19:29:00+00:00,2022-01-26 19:28:00+00:00
0.9870007265323525,0.22429906542056074,1.0,0.366412213740458,1.0,Night threshold,hh-04,Gap-adaptive imputation,stratified,2022-01-24 19:29:00+00:00,2022-01-26 19:28:00+00:00
1.0,1.0,1.0,1.0,1.0,Random Forest,hh-04,Gap-adaptive imputation,stratified,2022-01-24 19:29:00+00:00,2022-01-26 19:28:00+00:00
1.0,1.0,1.0,1.0,1.0,Gradient Boosting,hh-04,Gap-adaptive imputation,stratified,2022-01-24 19:29:00+00:00,2022-01-26 19:28:00+00:00
0.9951187467099396,0.43497983870967744,0.9988425925925926,0.6060393258426966,0.7652978024849972,Isolation Forest best gamma=0.005,hh-04,Gap-adaptive imputation,stratified,2022-01-24 19:29:00+00:00,2022-01-26 19:28:00+00:00
0.995810198094222,0.0,0.0,0.0,,Majority baseline,hh-05,No missingness/original,stratified,2021-11-22 23:57:00+00:00,2021-11-24 23:56:00+00:00
0.9579758989404262,0.005827210539650367,0.05324074074074074,0.010504681434117378,0.0362418705864227,Night threshold,hh-05,No missingness/original,stratified,2021-11-22 23:57:00+00:00,2021-11-24 23:56:00+00:00
0.9999903013844774,0.9988425925925926,0.9988425925925926,0.9988425925925926,0.9999973223648477,Random Forest,hh-05,No missingness/original,stratified,2021-11-22 23:57:00+00:00,2021-11-24 23:56:00+00:00
0.9997332880731276,1.0,0.9363425925925926,0.9671249252839211,0.9377258666949572,Gradient Boosting,hh-05,No missingness/original,stratified,2021-11-22 23:57:00+00:00,2021-11-24 23:56:00+00:00
0.9478650922580801,0.042903374942209895,0.5370370370370371,0.07945885777891942,0.03782998672949765,Isolation Forest best gamma=0.05,hh-05,No missingness/original,stratified,2021-11-22 23:57:00+00:00,2021-11-24 23:56:00+00:00
0.995810198094222,0.0,0.0,0.0,,Majority baseline,hh-05,Single linear imputation,stratified,2021-11-22 23:57:00+00:00,2021-11-24 23:56:00+00:00
0.9581116795577431,0.005847953216374269,0.05324074074074074,0.010538373424971364,0.03636307914389114,Night threshold,hh-05,Single linear imputation,stratified,2021-11-22 23:57:00+00:00,2021-11-24 23:56:00+00:00
0.9999903013844774,0.9988425925925926,0.9988425925925926,0.9988425925925926,0.9999973223648477,Random Forest,hh-05,Single linear imputation,stratified,2021-11-22 23:57:00+00:00,2021-11-24 23:56:00+00:00
0.9999854520767161,0.9965397923875432,1.0,0.9982668977469671,0.9999231251638264,Gradient Boosting,hh-05,Single linear imputation,stratified,2021-11-22 23:57:00+00:00,2021-11-24 23:56:00+00:00
0.9489270906578086,0.057973664959765914,0.7337962962962963,0.10745762711864407,0.048906450193970184,Isolation Forest best gamma=0.05,hh-05,Single linear imputation,stratified,2021-11-22 23:57:00+00:00,2021-11-24 23:56:00+00:00
0.995810198094222,0.0,0.0,0.0,,Majority baseline,hh-05,Single forward-fill imputation,stratified,2021-11-22 23:57:00+00:00,2021-11-24 23:56:00+00:00
0.9581116795577431,0.005847953216374269,0.05324074074074074,0.010538373424971364,0.0363632793254605,Night threshold,hh-05,Single forward-fill imputation,stratified,2021-11-22 23:57:00+00:00,2021-11-24 23:56:00+00:00
0.9999903013844774,0.9988425925925926,0.9988425925925926,0.9988425925925926,0.9999973223648477,Random Forest,hh-05,Single forward-fill imputation,stratified,2021-11-22 23:57:00+00:00,2021-11-24 23:56:00+00:00
0.9996120553790946,1.0,0.9074074074074074,0.9514563106796117,0.9100377927362292,Gradient Boosting,hh-05,Single forward-fill imputation,stratified,2021-11-22 23:57:00+00:00,2021-11-24 23:56:00+00:00
0.9487282690395946,0.05071726052753355,0.6342592592592593,0.09392407232839146,0.044153094554247665,Isolation Forest best gamma=0.05,hh-05,Single forward-fill imputation,stratified,2021-11-22 23:57:00+00:00,2021-11-24 23:56:00+00:00
0.995810198094222,0.0,0.0,0.0,,Majority baseline,hh-05,Single seasonal-profile imputation,stratified,2021-11-22 23:57:00+00:00,2021-11-24 23:56:00+00:00
0.9581116795577431,0.005847953216374269,0.05324074074074074,0.010538373424971364,0.03636331731239752,Night threshold,hh-05,Single seasonal-profile imputation,stratified,2021-11-22 23:57:00+00:00,2021-11-24 23:56:00+00:00
0.9999903013844774,0.9988425925925926,0.9988425925925926,0.9988425925925926,0.9999973223648477,Random Forest,hh-05,Single seasonal-profile imputation,stratified,2021-11-22 23:57:00+00:00,2021-11-24 23:56:00+00:00
0.9996120553790946,1.0,0.9074074074074074,0.9514563106796117,0.9100377927362292,Gradient Boosting,hh-05,Single seasonal-profile imputation,stratified,2021-11-22 23:57:00+00:00,2021-11-24 23:56:00+00:00
0.9486070363455616,0.05192413920088382,0.6527777777777778,0.09619648644038888,0.04505108327447474,Isolation Forest best gamma=0.05,hh-05,Single seasonal-profile imputation,stratified,2021-11-22 23:57:00+00:00,2021-11-24 23:56:00+00:00
0.995810198094222,0.0,0.0,0.0,,Majority baseline,hh-05,Gap-adaptive imputation,stratified,2021-11-22 23:57:00+00:00,2021-11-24 23:56:00+00:00
0.9581116795577431,0.005847953216374269,0.05324074074074074,0.010538373424971364,0.036206197892472265,Night threshold,hh-05,Gap-adaptive imputation,stratified,2021-11-22 23:57:00+00:00,2021-11-24 23:56:00+00:00
0.9999903013844774,0.9988425925925926,0.9988425925925926,0.9988425925925926,0.9999986619567545,Random Forest,hh-05,Gap-adaptive imputation,stratified,2021-11-22 23:57:00+00:00,2021-11-24 23:56:00+00:00
0.9999806027689547,0.9953917050691244,1.0,0.9976905311778291,0.9870346243355459,Gradient Boosting,hh-05,Gap-adaptive imputation,stratified,2021-11-22 23:57:00+00:00,2021-11-24 23:56:00+00:00
0.9487816114249691,0.05382775119617225,0.6770833333333334,0.099727241732015,0.04447250630673573,Isolation Forest best gamma=0.05,hh-05,Gap-adaptive imputation,stratified,2021-11-22 23:57:00+00:00,2021-11-24 23:56:00+00:00
0.9917647619501502,0.0,0.0,0.0,,Majority baseline,hh-06,No missingness/original,stratified,2021-07-21 04:25:00+00:00,2021-07-23 04:24:00+00:00
0.9445169899442406,0.05009983663096751,0.3194444444444444,0.08661540875568806,0.08495582256185882,Night threshold,hh-06,No missingness/original,stratified,2021-07-21 04:25:00+00:00,2021-07-23 04:24:00+00:00
0.9999809369489587,1.0,0.9976851851851852,0.9988412514484357,1.0,Random Forest,hh-06,No missingness/original,stratified,2021-07-21 04:25:00+00:00,2021-07-23 04:24:00+00:00
0.9999428108468761,0.9953810623556582,0.9976851851851852,0.9965317919075144,0.998947854152906,Gradient Boosting,hh-06,No missingness/original,stratified,2021-07-21 04:25:00+00:00,2021-07-23 04:24:00+00:00
0.9875232330934566,0.37350767481523595,0.7604166666666666,0.5009531071292413,0.32265458608862063,Isolation Forest best gamma=0.01,hh-06,No missingness/original,stratified,2021-07-21 04:25:00+00:00,2021-07-23 04:24:00+00:00
0.9917647619501502,0.0,0.0,0.0,,Majority baseline,hh-06,Single linear imputation,stratified,2021-07-21 04:25:00+00:00,2021-07-23 04:24:00+00:00
0.9429061621312491,0.03568840579710145,0.22800925925925927,0.06171679197994987,0.0818053669424725,Night threshold,hh-06,Single linear imputation,stratified,2021-07-21 04:25:00+00:00,2021-07-23 04:24:00+00:00
0.9999904684744794,1.0,0.9988425925925926,0.9994209612044007,1.0,Random Forest,hh-06,Single linear imputation,stratified,2021-07-21 04:25:00+00:00,2021-07-23 04:24:00+00:00
0.9999618738979174,0.9976851851851852,0.9976851851851852,0.9976851851851852,0.9993892324574049,Gradient Boosting,hh-06,Single linear imputation,stratified,2021-07-21 04:25:00+00:00,2021-07-23 04:24:00+00:00
0.9788018872420531,0.26519337016574585,0.8888888888888888,0.4085106382978723,0.21214015571519193,Isolation Forest best gamma=0.02,hh-06,Single linear imputation,stratified,2021-07-21 04:25:00+00:00,2021-07-23 04:24:00+00:00
0.9917647619501502,0.0,0.0,0.0,,Majority baseline,hh-06,Single forward-fill imputation,stratified,2021-07-21 04:25:00+00:00,2021-07-23 04:24:00+00:00
0.9445265214697612,0.021066872825666796,0.1261574074074074,0.036104670420669095,0.0803721384611121,Night threshold,hh-06,Single forward-fill imputation,stratified,2021-07-21 04:25:00+00:00,2021-07-23 04:24:00+00:00
0.9999904684744794,1.0,0.9988425925925926,0.9994209612044007,1.0,Random Forest,hh-06,Single forward-fill imputation,stratified,2021-07-21 04:25:00+00:00,2021-07-23 04:24:00+00:00
0.9999618738979174,0.9976851851851852,0.9976851851851852,0.9976851851851852,0.9993332801191998,Gradient Boosting,hh-06,Single forward-fill imputation,stratified,2021-07-21 04:25:00+00:00,2021-07-23 04:24:00+00:00
0.9777057618071773,0.2344256391789701,0.7534722222222222,0.3575940675638561,0.17541448547069421,Isolation Forest best gamma=0.02,hh-06,Single forward-fill imputation,stratified,2021-07-21 04:25:00+00:00,2021-07-23 04:24:00+00:00
0.9917647619501502,0.0,0.0,0.0,,Majority baseline,hh-06,Single seasonal-profile imputation,stratified,2021-07-21 04:25:00+00:00,2021-07-23 04:24:00+00:00
0.9449840346947529,0.05218978102189781,0.33101851851851855,0.09016393442622951,0.0856368131558119,Night threshold,hh-06,Single seasonal-profile imputation,stratified,2021-07-21 04:25:00+00:00,2021-07-23 04:24:00+00:00
0.9999809369489587,1.0,0.9976851851851852,0.9988412514484357,1.0,Random Forest,hh-06,Single seasonal-profile imputation,stratified,2021-07-21 04:25:00+00:00,2021-07-23 04:24:00+00:00
0.9999523423723967,0.9965317919075144,0.9976851851851852,0.9971081550028918,0.9989706216644032,Gradient Boosting,hh-06,Single seasonal-profile imputation,stratified,2021-07-21 04:25:00+00:00,2021-07-23 04:24:00+00:00
0.9877901158080351,0.3718500307314075,0.7002314814814815,0.4857486953030911,0.3696428637260036,Isolation Forest best gamma=0.01,hh-06,Single seasonal-profile imputation,stratified,2021-07-21 04:25:00+00:00,2021-07-23 04:24:00+00:00
0.9917647619501502,0.0,0.0,0.0,,Majority baseline,hh-06,Gap-adaptive imputation,stratified,2021-07-21 04:25:00+00:00,2021-07-23 04:24:00+00:00
0.9449459085926702,0.05215171407731583,0.33101851851851855,0.09010712035286704,0.08546275508875713,Night threshold,hh-06,Gap-adaptive imputation,stratified,2021-07-21 04:25:00+00:00,2021-07-23 04:24:00+00:00
0.9999904684744794,1.0,0.9988425925925926,0.9994209612044007,1.0,Random Forest,hh-06,Gap-adaptive imputation,stratified,2021-07-21 04:25:00+00:00,2021-07-23 04:24:00+00:00
0.9999523423723967,0.9965317919075144,0.9976851851851852,0.9971081550028918,0.9995339019864337,Gradient Boosting,hh-06,Gap-adaptive imputation,stratified,2021-07-21 04:25:00+00:00,2021-07-23 04:24:00+00:00
0.9792784635180861,0.2766030013642565,0.9386574074074074,0.4272918861959958,0.2884247710902966,Isolation Forest best gamma=0.02,hh-06,Gap-adaptive imputation,stratified,2021-07-21 04:25:00+00:00,2021-07-23 04:24:00+00:00
0.9891818796484111,0.0,0.0,0.0,,Majority baseline,hh-07,No missingness/original,stratified,2021-05-31 10:45:00+00:00,2021-06-02 10:44:00+00:00
0.9553251696591791,0.02661064425770308,0.08796296296296297,0.04086021505376344,0.1084798073499259,Night threshold,hh-07,No missingness/original,stratified,2021-05-31 10:45:00+00:00,2021-06-02 10:44:00+00:00
0.9999624370821125,1.0,0.9965277777777778,0.9982608695652174,1.0,Random Forest,hh-07,No missingness/original,stratified,2021-05-31 10:45:00+00:00,2021-06-02 10:44:00+00:00
0.999837227355821,0.9953434225844005,0.9895833333333334,0.9924550203134068,0.999830254794956,Gradient Boosting,hh-07,No missingness/original,stratified,2021-05-31 10:45:00+00:00,2021-06-02 10:44:00+00:00
0.9903588510755515,0.5300896286811779,0.9583333333333334,0.6826051112943117,0.5265573410652713,Isolation Forest best gamma=0.01,hh-07,No missingness/original,stratified,2021-05-31 10:45:00+00:00,2021-06-02 10:44:00+00:00
0.9891818796484111,0.0,0.0,0.0,,Majority baseline,hh-07,Single linear imputation,stratified,2021-05-31 10:45:00+00:00,2021-06-02 10:44:00+00:00
0.9554879423033581,0.02673232500879353,0.08796296296296297,0.0410035068788778,0.10922753782229519,Night threshold,hh-07,Single linear imputation,stratified,2021-05-31 10:45:00+00:00,2021-06-02 10:44:00+00:00
0.9999624370821125,1.0,0.9965277777777778,0.9982608695652174,1.0,Random Forest,hh-07,Single linear imputation,stratified,2021-05-31 10:45:00+00:00,2021-06-02 10:44:00+00:00
0.9998747902737085,0.9988317757009346,0.9895833333333334,0.9941860465116279,0.9931429580416087,Gradient Boosting,hh-07,Single linear imputation,stratified,2021-05-31 10:45:00+00:00,2021-06-02 10:44:00+00:00
0.990884731925976,0.5441558441558442,0.9699074074074074,0.697171381031614,0.5305773869997681,Isolation Forest best gamma=0.01,hh-07,Single linear imputation,stratified,2021-05-31 10:45:00+00:00,2021-06-02 10:44:00+00:00
0.9891818796484111,0.0,0.0,0.0,,Majority baseline,hh-07,Single forward-fill imputation,stratified,2021-05-31 10:45:00+00:00,2021-06-02 10:44:00+00:00
0.9555755891117622,0.02679830747531735,0.08796296296296297,0.04108108108108108,0.10960584998225106,Night threshold,hh-07,Single forward-fill imputation,stratified,2021-05-31 10:45:00+00:00,2021-06-02 10:44:00+00:00
0.9999499161094834,1.0,0.9953703703703703,0.9976798143851509,1.0,Random Forest,hh-07,Single forward-fill imputation,stratified,2021-05-31 10:45:00+00:00,2021-06-02 10:44:00+00:00
0.999837227355821,0.9953434225844005,0.9895833333333334,0.9924550203134068,0.9998010124567469,Gradient Boosting,hh-07,Single forward-fill imputation,stratified,2021-05-31 10:45:00+00:00,2021-06-02 10:44:00+00:00
0.981193499111011,0.3619047619047619,0.9675925925925926,0.5267800882167611,0.35138742668761674,Isolation Forest best gamma=0.02,hh-07,Single forward-fill imputation,stratified,2021-05-31 10:45:00+00:00,2021-06-02 10:44:00+00:00
0.9891818796484111,0.0,0.0,0.0,,Majority baseline,hh-07,Single seasonal-profile imputation,stratified,2021-05-31 10:45:00+00:00,2021-06-02 10:44:00+00:00
0.9555755891117622,0.02679830747531735,0.08796296296296297,0.04108108108108108,0.10960584998225106,Night threshold,hh-07,Single seasonal-profile imputation,stratified,2021-05-31 10:45:00+00:00,2021-06-02 10:44:00+00:00
0.9999499161094834,1.0,0.9953703703703703,0.9976798143851509,1.0,Random Forest,hh-07,Single seasonal-profile imputation,stratified,2021-05-31 10:45:00+00:00,2021-06-02 10:44:00+00:00
0.999837227355821,0.9953434225844005,0.9895833333333334,0.9924550203134068,0.9998010124567469,Gradient Boosting,hh-07,Single seasonal-profile imputation,stratified,2021-05-31 10:45:00+00:00,2021-06-02 10:44:00+00:00
0.9886935617158741,0.4861995753715499,0.7951388888888888,0.6034255599472991,0.4850975119645421,Isolation Forest best gamma=0.01,hh-07,Single seasonal-profile imputation,stratified,2021-05-31 10:45:00+00:00,2021-06-02 10:44:00+00:00
0.9891818796484111,0.0,0.0,0.0,,Majority baseline,hh-07,Gap-adaptive imputation,stratified,2021-05-31 10:45:00+00:00,2021-06-02 10:44:00+00:00
0.9555881100843914,0.026807760141093474,0.08796296296296297,0.041092187077588535,0.10952017030868205,Night threshold,hh-07,Gap-adaptive imputation,stratified,2021-05-31 10:45:00+00:00,2021-06-02 10:44:00+00:00
0.9999499161094834,1.0,0.9953703703703703,0.9976798143851509,1.0,Random Forest,hh-07,Gap-adaptive imputation,stratified,2021-05-31 10:45:00+00:00,2021-06-02 10:44:00+00:00
0.999837227355821,0.9953434225844005,0.9895833333333334,0.9924550203134068,0.9997917511739463,Gradient Boosting,hh-07,Gap-adaptive imputation,stratified,2021-05-31 10:45:00+00:00,2021-06-02 10:44:00+00:00
0.9901960784313726,0.5255198487712666,0.9652777777777778,0.6805385556915544,0.5509416836035745,Isolation Forest best gamma=0.01,hh-07,Gap-adaptive imputation,stratified,2021-05-31 10:45:00+00:00,2021-06-02 10:44:00+00:00
0.997356270137786,0.0,0.0,0.0,,Majority baseline,hh-08,No missingness/original,stratified,2021-12-02 09:32:00+00:00,2021-12-04 09:31:00+00:00
0.9633151882892559,0.0,0.0,0.0,0.01493838659703089,Night threshold,hh-08,No missingness/original,stratified,2021-12-02 09:32:00+00:00,2021-12-04 09:31:00+00:00
0.9999847006373714,1.0,0.9942129629629629,0.9970980847359258,0.99993176554158,Random Forest,hh-08,No missingness/original,stratified,2021-12-02 09:32:00+00:00,2021-12-04 09:31:00+00:00
0.9983231898559106,0.6128571428571429,0.9930555555555556,0.7579505300353356,0.40241453889626183,Gradient Boosting,hh-08,No missingness/original,stratified,2021-12-02 09:32:00+00:00,2021-12-04 09:31:00+00:00
0.9494723249829412,0.04742900109896466,0.9490740740740741,0.09034319396243046,0.035828464775662955,Isolation Forest best gamma=0.05,hh-08,No missingness/original,stratified,2021-12-02 09:32:00+00:00,2021-12-04 09:31:00+00:00
0.997356270137786,0.0,0.0,0.0,,Majority baseline,hh-08,Single linear imputation,stratified,2021-12-02 09:32:00+00:00,2021-12-04 09:31:00+00:00
0.9633519067595644,0.0,0.0,0.0,0.014951155872386266,Night threshold,hh-08,Single linear imputation,stratified,2021-12-02 09:32:00+00:00,2021-12-04 09:31:00+00:00
0.9999908203824228,1.0,0.9965277777777778,0.9982608695652174,0.9999749902858972,Random Forest,hh-08,Single linear imputation,stratified,2021-12-02 09:32:00+00:00,2021-12-04 09:31:00+00:00
0.9990024815566183,0.7601547388781431,0.9097222222222222,0.8282402528977871,0.6030503933403866,Gradient Boosting,hh-08,Single linear imputation,stratified,2021-12-02 09:32:00+00:00,2021-12-04 09:31:00+00:00
0.9691962632836716,0.06560936467478523,0.8043981481481481,0.12132320851880946,0.04452563051171365,Isolation Forest best gamma=0.03,hh-08,Single linear imputation,stratified,2021-12-02 09:32:00+00:00,2021-12-04 09:31:00+00:00
0.997356270137786,0.0,0.0,0.0,,Majority baseline,hh-08,Single forward-fill imputation,stratified,2021-12-02 09:32:00+00:00,2021-12-04 09:31:00+00:00
0.9633427271419872,0.0,0.0,0.0,0.014951319661003395,Night threshold,hh-08,Single forward-fill imputation,stratified,2021-12-02 09:32:00+00:00,2021-12-04 09:31:00+00:00
0.9999877605098971,1.0,0.9953703703703703,0.9976798143851509,0.9999723699461822,Random Forest,hh-08,Single forward-fill imputation,stratified,2021-12-02 09:32:00+00:00,2021-12-04 09:31:00+00:00
0.9999694012747429,0.9953596287703016,0.9930555555555556,0.9942062572421785,0.9858695065931043,Gradient Boosting,hh-08,Single forward-fill imputation,stratified,2021-12-02 09:32:00+00:00,2021-12-04 09:31:00+00:00
0.9690769282551689,0.06140850417615794,0.7488425925925926,0.11350877192982456,0.04375248966670804,Isolation Forest best gamma=0.03,hh-08,Single forward-fill imputation,stratified,2021-12-02 09:32:00+00:00,2021-12-04 09:31:00+00:00
0.997356270137786,0.0,0.0,0.0,,Majority baseline,hh-08,Single seasonal-profile imputation,stratified,2021-12-02 09:32:00+00:00,2021-12-04 09:31:00+00:00
0.9633427271419872,0.0,0.0,0.0,0.014951319661003395,Night threshold,hh-08,Single seasonal-profile imputation,stratified,2021-12-02 09:32:00+00:00,2021-12-04 09:31:00+00:00
0.9999847006373714,1.0,0.9942129629629629,0.9970980847359258,0.9999697555972873,Random Forest,hh-08,Single seasonal-profile imputation,stratified,2021-12-02 09:32:00+00:00,2021-12-04 09:31:00+00:00
0.9999694012747429,0.9953596287703016,0.9930555555555556,0.9942062572421785,0.9858695065931043,Gradient Boosting,hh-08,Single seasonal-profile imputation,stratified,2021-12-02 09:32:00+00:00,2021-12-04 09:31:00+00:00
0.9688872161585749,0.055598012991975546,0.6736111111111112,0.10271796681962583,0.04176692370704583,Isolation Forest best gamma=0.03,hh-08,Single seasonal-profile imputation,stratified,2021-12-02 09:32:00+00:00,2021-12-04 09:31:00+00:00
0.997356270137786,0.0,0.0,0.0,,Majority baseline,hh-08,Gap-adaptive imputation,stratified,2021-12-02 09:32:00+00:00,2021-12-04 09:31:00+00:00
0.963345787014513,0.0,0.0,0.0,0.014926164734480342,Night threshold,hh-08,Gap-adaptive imputation,stratified,2021-12-02 09:32:00+00:00,2021-12-04 09:31:00+00:00
0.9999877605098971,1.0,0.9953703703703703,0.9976798143851509,0.9997705495473175,Random Forest,hh-08,Gap-adaptive imputation,stratified,2021-12-02 09:32:00+00:00,2021-12-04 09:31:00+00:00
0.999926563059383,0.9883720930232558,0.9837962962962963,0.9860788863109049,0.9564864723179363,Gradient Boosting,hh-08,Gap-adaptive imputation,stratified,2021-12-02 09:32:00+00:00,2021-12-04 09:31:00+00:00
0.9494723249829412,0.0475860075166233,0.9525462962962963,0.09064375791618481,0.038956105305553324,Isolation Forest best gamma=0.05,hh-08,Gap-adaptive imputation,stratified,2021-12-02 09:32:00+00:00,2021-12-04 09:31:00+00:00
0.9963508582240843,0.0,0.0,0.0,,Majority baseline,hh-09,No missingness/original,stratified,2021-09-15 02:40:00+00:00,2021-09-17 02:39:00+00:00
0.9679433031490742,0.01694915254237288,0.13657407407407407,0.0301558906210069,0.07681177127297294,Night threshold,hh-09,No missingness/original,stratified,2021-09-15 02:40:00+00:00,2021-09-17 02:39:00+00:00
0.9999788822813894,1.0,0.9942129629629629,0.9970980847359258,0.9999959812206908,Random Forest,hh-09,No missingness/original,stratified,2021-09-15 02:40:00+00:00,2021-09-17 02:39:00+00:00
0.9999450939316123,0.9930475086906141,0.9918981481481481,0.9924724956572091,0.9989806853084848,Gradient Boosting,hh-09,No missingness/original,stratified,2021-09-15 02:40:00+00:00,2021-09-17 02:39:00+00:00
0.9790174347884849,0.11151079136690648,0.6817129629629629,0.19166937845753335,0.10272419680797777,Isolation Forest best gamma=0.02,hh-09,No missingness/original,stratified,2021-09-15 02:40:00+00:00,2021-09-17 02:39:00+00:00
0.9963508582240843,0.0,0.0,0.0,,Majority baseline,hh-09,Single linear imputation,stratified,2021-09-15 02:40:00+00:00,2021-09-17 02:39:00+00:00
0.9679939856737397,0.017117376294591483,0.13773148148148148,0.0304503582395087,0.07693945969656062,Night threshold,hh-09,Single linear imputation,stratified,2021-09-15 02:40:00+00:00,2021-09-17 02:39:00+00:00
0.9999831058251115,1.0,0.9953703703703703,0.9976798143851509,0.9999973223648477,Random Forest,hh-09,Single linear imputation,stratified,2021-09-15 02:40:00+00:00,2021-09-17 02:39:00+00:00
0.9999450939316123,0.9930475086906141,0.9918981481481481,0.9924724956572091,0.9989381080421925,Gradient Boosting,hh-09,Single linear imputation,stratified,2021-09-15 02:40:00+00:00,2021-09-17 02:39:00+00:00
0.9697087444249223,0.08412447257383966,0.7384259259259259,0.15104166666666666,0.08016407197114758,Isolation Forest best gamma=0.03,hh-09,Single linear imputation,stratified,2021-09-15 02:40:00+00:00,2021-09-17 02:39:00+00:00
0.9963508582240843,0.0,0.0,0.0,,Majority baseline,hh-09,Single forward-fill imputation,stratified,2021-09-15 02:40:00+00:00,2021-09-17 02:39:00+00:00
0.9679897621300175,0.017114914425427872,0.13773148148148148,0.030446462837405656,0.07693921696596892,Night threshold,hh-09,Single forward-fill imputation,stratified,2021-09-15 02:40:00+00:00,2021-09-17 02:39:00+00:00
0.9999788822813894,1.0,0.9942129629629629,0.9970980847359258,0.9999959812206909,Random Forest,hh-09,Single forward-fill imputation,stratified,2021-09-15 02:40:00+00:00,2021-09-17 02:39:00+00:00
0.9999450939316123,0.9930475086906141,0.9918981481481481,0.9924724956572091,0.9989381080421925,Gradient Boosting,hh-09,Single forward-fill imputation,stratified,2021-09-15 02:40:00+00:00,2021-09-17 02:39:00+00:00
0.9696622854439789,0.08378342774338032,0.7361111111111112,0.1504435245416913,0.08006356100728687,Isolation Forest best gamma=0.03,hh-09,Single forward-fill imputation,stratified,2021-09-15 02:40:00+00:00,2021-09-17 02:39:00+00:00
0.9963508582240843,0.0,0.0,0.0,,Majority baseline,hh-09,Single seasonal-profile imputation,stratified,2021-09-15 02:40:00+00:00,2021-09-17 02:39:00+00:00
0.9679813150425733,0.01710999281092739,0.13773148148148148,0.03043867502238138,0.07694608437211783,Night threshold,hh-09,Single seasonal-profile imputation,stratified,2021-09-15 02:40:00+00:00,2021-09-17 02:39:00+00:00
0.9999788822813894,1.0,0.9942129629629629,0.9970980847359258,0.9999986619567545,Random Forest,hh-09,Single seasonal-profile imputation,stratified,2021-09-15 02:40:00+00:00,2021-09-17 02:39:00+00:00
0.9999450939316123,0.9930475086906141,0.9918981481481481,0.9924724956572091,0.9989381080421925,Gradient Boosting,hh-09,Single seasonal-profile imputation,stratified,2021-09-15 02:40:00+00:00,2021-09-17 02:39:00+00:00
0.9786499864846601,0.09460243760882182,0.5659722222222222,0.16210840377921432,0.08857400516742732,Isolation Forest best gamma=0.02,hh-09,Single seasonal-profile imputation,stratified,2021-09-15 02:40:00+00:00,2021-09-17 02:39:00+00:00
0.9963508582240843,0.0,0.0,0.0,,Majority baseline,hh-09,Gap-adaptive imputation,stratified,2021-09-15 02:40:00+00:00,2021-09-17 02:39:00+00:00
0.9679770914988512,0.017107533064979873,0.13773148148148148,0.030434782608695653,0.07693948513455828,Night threshold,hh-09,Gap-adaptive imputation,stratified,2021-09-15 02:40:00+00:00,2021-09-17 02:39:00+00:00
0.9999831058251115,1.0,0.9953703703703703,0.9976798143851509,0.9999959812206909,Random Forest,hh-09,Gap-adaptive imputation,stratified,2021-09-15 02:40:00+00:00,2021-09-17 02:39:00+00:00
0.9999450939316123,0.9930475086906141,0.9918981481481481,0.9924724956572091,0.9989381080421925,Gradient Boosting,hh-09,Gap-adaptive imputation,stratified,2021-09-15 02:40:00+00:00,2021-09-17 02:39:00+00:00
0.9785739626976618,0.09207210699748013,0.5497685185185185,0.15772870662460567,0.0845874790677009,Isolation Forest best gamma=0.02,hh-09,Gap-adaptive imputation,stratified,2021-09-15 02:40:00+00:00,2021-09-17 02:39:00+00:00
0.9937408086237748,0.0,0.0,0.0,,Majority baseline,hh-10,No missingness/original,stratified,2021-08-20 05:31:00+00:00,2021-08-22 05:30:00+00:00
0.9645819599092997,0.0,0.0,0.0,0.07914561751180825,Night threshold,hh-10,No missingness/original,stratified,2021-08-20 05:31:00+00:00,2021-08-22 05:30:00+00:00
1.0,1.0,1.0,1.0,1.0,Random Forest,hh-10,No missingness/original,stratified,2021-08-20 05:31:00+00:00,2021-08-22 05:30:00+00:00
0.9999637778276839,0.9953863898500577,0.9988425925925926,0.9971114962449451,0.9999583854397992,Gradient Boosting,hh-10,No missingness/original,stratified,2021-08-20 05:31:00+00:00,2021-08-22 05:30:00+00:00
0.9802661605221789,0.2380281690140845,0.9780092592592593,0.3828726778432261,0.19021817616857986,Isolation Forest best gamma=0.02,hh-10,No missingness/original,stratified,2021-08-20 05:31:00+00:00,2021-08-22 05:30:00+00:00
0.9937408086237748,0.0,0.0,0.0,,Majority baseline,hh-10,Single linear imputation,stratified,2021-08-20 05:31:00+00:00,2021-08-22 05:30:00+00:00
0.9646544042539319,0.0,0.0,0.0,0.07943711205209412,Night threshold,hh-10,Single linear imputation,stratified,2021-08-20 05:31:00+00:00,2021-08-22 05:30:00+00:00
0.9999927555655368,1.0,0.9988425925925926,0.9994209612044007,1.0,Random Forest,hh-10,Single linear imputation,stratified,2021-08-20 05:31:00+00:00,2021-08-22 05:30:00+00:00
0.9999710222621471,1.0,0.9953703703703703,0.9976798143851509,0.9999671209734012,Gradient Boosting,hh-10,Single linear imputation,stratified,2021-08-20 05:31:00+00:00,2021-08-22 05:30:00+00:00
0.9699066192397691,0.1699438202247191,0.9803240740740741,0.289671682626539,0.13776735832536968,Isolation Forest best gamma=0.03,hh-10,Single linear imputation,stratified,2021-08-20 05:31:00+00:00,2021-08-22 05:30:00+00:00
0.9937408086237748,0.0,0.0,0.0,,Majority baseline,hh-10,Single forward-fill imputation,stratified,2021-08-20 05:31:00+00:00,2021-08-22 05:30:00+00:00
0.9646544042539319,0.0,0.0,0.0,0.07943711205209412,Night threshold,hh-10,Single forward-fill imputation,stratified,2021-08-20 05:31:00+00:00,2021-08-22 05:30:00+00:00
0.9999927555655368,1.0,0.9988425925925926,0.9994209612044007,1.0,Random Forest,hh-10,Single forward-fill imputation,stratified,2021-08-20 05:31:00+00:00,2021-08-22 05:30:00+00:00
0.9999710222621471,1.0,0.9953703703703703,0.9976798143851509,0.9999340037602489,Gradient Boosting,hh-10,Single forward-fill imputation,stratified,2021-08-20 05:31:00+00:00,2021-08-22 05:30:00+00:00
0.9700732412324232,0.17126182330448783,0.9849537037037037,0.29178810217726725,0.13802597450654025,Isolation Forest best gamma=0.03,hh-10,Single forward-fill imputation,stratified,2021-08-20 05:31:00+00:00,2021-08-22 05:30:00+00:00
0.9937408086237748,0.0,0.0,0.0,,Majority baseline,hh-10,Single seasonal-profile imputation,stratified,2021-08-20 05:31:00+00:00,2021-08-22 05:30:00+00:00
0.9646544042539319,0.0,0.0,0.0,0.0794371120520941,Night threshold,hh-10,Single seasonal-profile imputation,stratified,2021-08-20 05:31:00+00:00,2021-08-22 05:30:00+00:00
0.9999927555655368,1.0,0.9988425925925926,0.9994209612044007,1.0,Random Forest,hh-10,Single seasonal-profile imputation,stratified,2021-08-20 05:31:00+00:00,2021-08-22 05:30:00+00:00
0.9999637778276839,0.9953863898500577,0.9988425925925926,0.9971114962449451,0.9999664582614082,Gradient Boosting,hh-10,Single seasonal-profile imputation,stratified,2021-08-20 05:31:00+00:00,2021-08-22 05:30:00+00:00
0.9802154494809363,0.23577696009057458,0.9641203703703703,0.3788947009324539,0.17689546106936682,Isolation Forest best gamma=0.02,hh-10,Single seasonal-profile imputation,stratified,2021-08-20 05:31:00+00:00,2021-08-22 05:30:00+00:00
0.9937408086237748,0.0,0.0,0.0,,Majority baseline,hh-10,Gap-adaptive imputation,stratified,2021-08-20 05:31:00+00:00,2021-08-22 05:30:00+00:00
0.9646544042539319,0.0,0.0,0.0,0.0794370438241297,Night threshold,hh-10,Gap-adaptive imputation,stratified,2021-08-20 05:31:00+00:00,2021-08-22 05:30:00+00:00
0.9999927555655368,1.0,0.9988425925925926,0.9994209612044007,1.0,Random Forest,hh-10,Gap-adaptive imputation,stratified,2021-08-20 05:31:00+00:00,2021-08-22 05:30:00+00:00
0.9999710222621471,1.0,0.9953703703703703,0.9976798143851509,0.9999040329090845,Gradient Boosting,hh-10,Gap-adaptive imputation,stratified,2021-08-20 05:31:00+00:00,2021-08-22 05:30:00+00:00
0.9802082050464731,0.2374929735806633,0.9780092592592593,0.38218000904568067,0.19664764027256676,Isolation Forest best gamma=0.02,hh-10,Gap-adaptive imputation,stratified,2021-08-20 05:31:00+00:00,2021-08-22 05:30:00+00:00
0.9972888674118098,0.0,0.0,0.0,,Majority baseline,hh-11,No missingness/original,stratified,2021-12-09 22:06:00+00:00,2021-12-11 22:05:00+00:00
0.9689223875538931,0.004603244191144235,0.04861111111111111,0.00841009211053264,0.03884729435086576,Night threshold,hh-11,No missingness/original,stratified,2021-12-09 22:06:00+00:00,2021-12-11 22:05:00+00:00
0.9999874484602399,1.0,0.9953703703703703,0.9976798143851509,1.0,Random Forest,hh-11,No missingness/original,stratified,2021-12-09 22:06:00+00:00,2021-12-11 22:05:00+00:00
0.9999780348054198,1.0,0.9918981481481481,0.9959325973271353,0.9993267029707047,Gradient Boosting,hh-11,No missingness/original,stratified,2021-12-09 22:06:00+00:00,2021-12-11 22:05:00+00:00
0.9800273623566771,0.11558350803633823,0.9571759259259259,0.2062601321860581,0.10435949204653398,Isolation Forest best gamma=0.02,hh-11,No missingness/original,stratified,2021-12-09 22:06:00+00:00,2021-12-11 22:05:00+00:00
0.9972888674118098,0.0,0.0,0.0,,Majority baseline,hh-11,Single linear imputation,stratified,2021-12-09 22:06:00+00:00,2021-12-11 22:05:00+00:00
0.9689443527484735,0.004606778545574202,0.04861111111111111,0.008415990381725278,0.038910802760386456,Night threshold,hh-11,Single linear imputation,stratified,2021-12-09 22:06:00+00:00,2021-12-11 22:05:00+00:00
0.9999843105752998,1.0,0.9942129629629629,0.9970980847359258,1.0,Random Forest,hh-11,Single linear imputation,stratified,2021-12-09 22:06:00+00:00,2021-12-11 22:05:00+00:00
0.9999780348054198,1.0,0.9918981481481481,0.9959325973271353,0.9993699222692319,Gradient Boosting,hh-11,Single linear imputation,stratified,2021-12-09 22:06:00+00:00,2021-12-11 22:05:00+00:00
0.9798641923397953,0.11151532111375402,0.9224537037037037,0.19897640743977033,0.09137127071811324,Isolation Forest best gamma=0.02,hh-11,Single linear imputation,stratified,2021-12-09 22:06:00+00:00,2021-12-11 22:05:00+00:00
0.9972888674118098,0.0,0.0,0.0,,Majority baseline,hh-11,Single forward-fill imputation,stratified,2021-12-09 22:06:00+00:00,2021-12-11 22:05:00+00:00
0.9689443527484735,0.004606778545574202,0.04861111111111111,0.008415990381725278,0.038910802760386456,Night threshold,hh-11,Single forward-fill imputation,stratified,2021-12-09 22:06:00+00:00,2021-12-11 22:05:00+00:00
0.9999843105752998,1.0,0.9942129629629629,0.9970980847359258,1.0,Random Forest,hh-11,Single forward-fill imputation,stratified,2021-12-09 22:06:00+00:00,2021-12-11 22:05:00+00:00
0.9999780348054198,1.0,0.9918981481481481,0.9959325973271353,0.9993699222692319,Gradient Boosting,hh-11,Single forward-fill imputation,stratified,2021-12-09 22:06:00+00:00,2021-12-11 22:05:00+00:00
0.9799771561976366,0.1114241442456684,0.9155092592592593,0.19866884340072838,0.08850023075814847,Isolation Forest best gamma=0.02,hh-11,Single forward-fill imputation,stratified,2021-12-09 22:06:00+00:00,2021-12-11 22:05:00+00:00
0.9972888674118098,0.0,0.0,0.0,,Majority baseline,hh-11,Single seasonal-profile imputation,stratified,2021-12-09 22:06:00+00:00,2021-12-11 22:05:00+00:00
0.9689443527484735,0.004606778545574202,0.04861111111111111,0.008415990381725278,0.03891080276038645,Night threshold,hh-11,Single seasonal-profile imputation,stratified,2021-12-09 22:06:00+00:00,2021-12-11 22:05:00+00:00
0.9999874484602399,1.0,0.9953703703703703,0.9976798143851509,1.0,Random Forest,hh-11,Single seasonal-profile imputation,stratified,2021-12-09 22:06:00+00:00,2021-12-11 22:05:00+00:00
0.9999780348054198,1.0,0.9918981481481481,0.9959325973271353,0.9993699222692319,Gradient Boosting,hh-11,Single seasonal-profile imputation,stratified,2021-12-09 22:06:00+00:00,2021-12-11 22:05:00+00:00
0.9799897077373967,0.11279674111532519,0.9293981481481481,0.20117750219215833,0.09245197438507272,Isolation Forest best gamma=0.02,hh-11,Single seasonal-profile imputation,stratified,2021-12-09 22:06:00+00:00,2021-12-11 22:05:00+00:00
0.9972888674118098,0.0,0.0,0.0,,Majority baseline,hh-11,Gap-adaptive imputation,stratified,2021-12-09 22:06:00+00:00,2021-12-11 22:05:00+00:00
0.9689506285183535,0.004607789358200768,0.04861111111111111,0.008417677121956109,0.038893514323297726,Night threshold,hh-11,Gap-adaptive imputation,stratified,2021-12-09 22:06:00+00:00,2021-12-11 22:05:00+00:00
0.9999905863451799,1.0,0.9965277777777778,0.9982608695652174,1.0,Random Forest,hh-11,Gap-adaptive imputation,stratified,2021-12-09 22:06:00+00:00,2021-12-11 22:05:00+00:00
0.9999748969204797,1.0,0.9907407407407407,0.9953488372093023,0.9994669715492108,Gradient Boosting,hh-11,Gap-adaptive imputation,stratified,2021-12-09 22:06:00+00:00,2021-12-11 22:05:00+00:00
0.9798265377205149,0.10749047820567076,0.8819444444444444,0.1916258015843078,0.08625011652314446,Isolation Forest best gamma=0.02,hh-11,Gap-adaptive imputation,stratified,2021-12-09 22:06:00+00:00,2021-12-11 22:05:00+00:00
0.9937868099152158,0.0,0.0,0.0,,Majority baseline,hh-12,No missingness/original,stratified,2021-09-11 17:57:00+00:00,2021-09-13 17:56:00+00:00
0.9726375135733754,0.1850503319768687,1.0,0.31230797035966024,0.19712544224085632,Night threshold,hh-12,No missingness/original,stratified,2021-09-11 17:57:00+00:00,2021-09-13 17:56:00+00:00
1.0,1.0,1.0,1.0,1.0,Random Forest,hh-12,No missingness/original,stratified,2021-09-11 17:57:00+00:00,2021-09-13 17:56:00+00:00
1.0,1.0,1.0,1.0,1.0,Gradient Boosting,hh-12,No missingness/original,stratified,2021-09-11 17:57:00+00:00,2021-09-13 17:56:00+00:00
0.9950596509395293,0.5570599613152805,1.0,0.715527950310559,0.9979292651391071,Isolation Forest best gamma=0.005,hh-12,No missingness/original,stratified,2021-09-11 17:57:00+00:00,2021-09-13 17:56:00+00:00
0.9937868099152158,0.0,0.0,0.0,,Majority baseline,hh-12,Single linear imputation,stratified,2021-09-11 17:57:00+00:00,2021-09-13 17:56:00+00:00
0.9728244845712971,0.18608658195132458,1.0,0.31378245868894133,0.19803102544379006,Night threshold,hh-12,Single linear imputation,stratified,2021-09-11 17:57:00+00:00,2021-09-13 17:56:00+00:00
0.9999928088077722,1.0,0.9988425925925926,0.9994209612044007,1.0,Random Forest,hh-12,Single linear imputation,stratified,2021-09-11 17:57:00+00:00,2021-09-13 17:56:00+00:00
1.0,1.0,1.0,1.0,1.0,Gradient Boosting,hh-12,Single linear imputation,stratified,2021-09-11 17:57:00+00:00,2021-09-13 17:56:00+00:00
0.9951171804773513,0.5599481529488011,1.0,0.7179061071873701,0.9984561696242739,Isolation Forest best gamma=0.005,hh-12,Single linear imputation,stratified,2021-09-11 17:57:00+00:00,2021-09-13 17:56:00+00:00
0.9937868099152158,0.0,0.0,0.0,,Majority baseline,hh-12,Single forward-fill imputation,stratified,2021-09-11 17:57:00+00:00,2021-09-13 17:56:00+00:00
0.9728316757635248,0.18612666953899182,1.0,0.3138394478750454,0.19803102544379006,Night threshold,hh-12,Single forward-fill imputation,stratified,2021-09-11 17:57:00+00:00,2021-09-13 17:56:00+00:00
0.9999928088077722,1.0,0.9988425925925926,0.9994209612044007,1.0,Random Forest,hh-12,Single forward-fill imputation,stratified,2021-09-11 17:57:00+00:00,2021-09-13 17:56:00+00:00
1.0,1.0,1.0,1.0,1.0,Gradient Boosting,hh-12,Single forward-fill imputation,stratified,2021-09-11 17:57:00+00:00,2021-09-13 17:56:00+00:00
0.9951603276307179,0.5621340273259596,1.0,0.7197001249479383,0.998393060505229,Isolation Forest best gamma=0.005,hh-12,Single forward-fill imputation,stratified,2021-09-11 17:57:00+00:00,2021-09-13 17:56:00+00:00
0.9937868099152158,0.0,0.0,0.0,,Majority baseline,hh-12,Single seasonal-profile imputation,stratified,2021-09-11 17:57:00+00:00,2021-09-13 17:56:00+00:00
0.9728244845712971,0.18608658195132458,1.0,0.31378245868894133,0.19803102544379006,Night threshold,hh-12,Single seasonal-profile imputation,stratified,2021-09-11 17:57:00+00:00,2021-09-13 17:56:00+00:00
0.9999928088077722,1.0,0.9988425925925926,0.9994209612044007,1.0,Random Forest,hh-12,Single seasonal-profile imputation,stratified,2021-09-11 17:57:00+00:00,2021-09-13 17:56:00+00:00
1.0,1.0,1.0,1.0,1.0,Gradient Boosting,hh-12,Single seasonal-profile imputation,stratified,2021-09-11 17:57:00+00:00,2021-09-13 17:56:00+00:00
0.9949949302094794,0.5538461538461539,1.0,0.7128712871287128,0.9987644551865803,Isolation Forest best gamma=0.005,hh-12,Single seasonal-profile imputation,stratified,2021-09-11 17:57:00+00:00,2021-09-13 17:56:00+00:00
0.9937868099152158,0.0,0.0,0.0,,Majority baseline,hh-12,Gap-adaptive imputation,stratified,2021-09-11 17:57:00+00:00,2021-09-13 17:56:00+00:00
0.9728316757635248,0.18612666953899182,1.0,0.3138394478750454,0.19803102544379006,Night threshold,hh-12,Gap-adaptive imputation,stratified,2021-09-11 17:57:00+00:00,2021-09-13 17:56:00+00:00
0.9999928088077722,1.0,0.9988425925925926,0.9994209612044007,1.0,Random Forest,hh-12,Gap-adaptive imputation,stratified,2021-09-11 17:57:00+00:00,2021-09-13 17:56:00+00:00
1.0,1.0,1.0,1.0,1.0,Gradient Boosting,hh-12,Gap-adaptive imputation,stratified,2021-09-11 17:57:00+00:00,2021-09-13 17:56:00+00:00
0.9951027980928958,0.5592233009708738,1.0,0.7173100871731009,0.9981109254725259,Isolation Forest best gamma=0.005,hh-12,Gap-adaptive imputation,stratified,2021-09-11 17:57:00+00:00,2021-09-13 17:56:00+00:00
0.9804117166953841,0.0,0.0,0.0,,Majority baseline,hh-13,No missingness/original,stratified,2021-07-03 13:23:00+00:00,2021-07-05 13:22:00+00:00
0.9562210936791512,0.0009354536950420954,0.0011574074074074073,0.0010346611484738748,0.10300709757828472,Night threshold,hh-13,No missingness/original,stratified,2021-07-03 13:23:00+00:00,2021-07-05 13:22:00+00:00
0.9998639702548291,1.0,0.9930555555555556,0.9965156794425087,0.9997870319409508,Random Forest,hh-13,No missingness/original,stratified,2021-07-03 13:23:00+00:00,2021-07-05 13:22:00+00:00
0.9997506121338533,0.9930635838150289,0.9942129629629629,0.993637941006362,0.9822119946810419,Gradient Boosting,hh-13,No missingness/original,stratified,2021-07-03 13:23:00+00:00,2021-07-05 13:22:00+00:00
0.940350956742541,0.13536937680561287,0.37962962962962965,0.19957407970794036,0.1465894880853897,Isolation Forest best gamma=0.05,hh-13,No missingness/original,stratified,2021-07-03 13:23:00+00:00,2021-07-05 13:22:00+00:00
0.9804117166953841,0.0,0.0,0.0,,Majority baseline,hh-13,Single linear imputation,stratified,2021-07-03 13:23:00+00:00,2021-07-05 13:22:00+00:00
0.9569919289017865,0.000966183574879227,0.0011574074074074073,0.00105318588730911,0.10306730345483953,Night threshold,hh-13,Single linear imputation,stratified,2021-07-03 13:23:00+00:00,2021-07-05 13:22:00+00:00
0.9998639702548291,1.0,0.9930555555555556,0.9965156794425087,0.9999775036212183,Random Forest,hh-13,Single linear imputation,stratified,2021-07-03 13:23:00+00:00,2021-07-05 13:22:00+00:00
0.9997959553822435,0.9942196531791907,0.9953703703703703,0.9947946790052054,0.9727664660352952,Gradient Boosting,hh-13,Single linear imputation,stratified,2021-07-03 13:23:00+00:00,2021-07-05 13:22:00+00:00
0.9343656479550195,0.03094688221709007,0.0775462962962963,0.044239022779795314,0.1104335044297357,Isolation Forest best gamma=0.05,hh-13,Single linear imputation,stratified,2021-07-03 13:23:00+00:00,2021-07-05 13:22:00+00:00
0.9804117166953841,0.0,0.0,0.0,,Majority baseline,hh-13,Single forward-fill imputation,stratified,2021-07-03 13:23:00+00:00,2021-07-05 13:22:00+00:00
0.9569465856533962,0.0009643201542912247,0.0011574074074074073,0.0010520778537611783,0.09743088536097072,Night threshold,hh-13,Single forward-fill imputation,stratified,2021-07-03 13:23:00+00:00,2021-07-05 13:22:00+00:00
0.9998866418790242,1.0,0.9942129629629629,0.9970980847359258,0.9999880006493009,Random Forest,hh-13,Single forward-fill imputation,stratified,2021-07-03 13:23:00+00:00,2021-07-05 13:22:00+00:00
0.9997506121338533,0.9942062572421785,0.9930555555555556,0.9936305732484076,0.9764079294043985,Gradient Boosting,hh-13,Single forward-fill imputation,stratified,2021-07-03 13:23:00+00:00,2021-07-05 13:22:00+00:00
0.9336628276049697,0.009980988593155894,0.024305555555555556,0.014150943396226415,0.10844059796444427,Isolation Forest best gamma=0.05,hh-13,Single forward-fill imputation,stratified,2021-07-03 13:23:00+00:00,2021-07-05 13:22:00+00:00
0.9804117166953841,0.0,0.0,0.0,,Majority baseline,hh-13,Single seasonal-profile imputation,stratified,2021-07-03 13:23:00+00:00,2021-07-05 13:22:00+00:00
0.9570372721501769,0.000968054211035818,0.0011574074074074073,0.0010542962572482868,0.1047323382671014,Night threshold,hh-13,Single seasonal-profile imputation,stratified,2021-07-03 13:23:00+00:00,2021-07-05 13:22:00+00:00
0.9998639702548291,1.0,0.9930555555555556,0.9965156794425087,0.9999906598427201,Random Forest,hh-13,Single seasonal-profile imputation,stratified,2021-07-03 13:23:00+00:00,2021-07-05 13:22:00+00:00
0.9997732837580484,0.9953596287703016,0.9930555555555556,0.9942062572421785,0.982317362929103,Gradient Boosting,hh-13,Single seasonal-profile imputation,stratified,2021-07-03 13:23:00+00:00,2021-07-05 13:22:00+00:00
0.9362473927632176,0.07054673721340388,0.18518518518518517,0.10217113665389528,0.12029813312901053,Isolation Forest best gamma=0.05,hh-13,Single seasonal-profile imputation,stratified,2021-07-03 13:23:00+00:00,2021-07-05 13:22:00+00:00
0.9804117166953841,0.0,0.0,0.0,,Majority baseline,hh-13,Gap-adaptive imputation,stratified,2021-07-03 13:23:00+00:00,2021-07-05 13:22:00+00:00
0.9569692572775914,0.0009652509652509653,0.0011574074074074073,0.0010526315789473684,0.10218831002067391,Night threshold,hh-13,Gap-adaptive imputation,stratified,2021-07-03 13:23:00+00:00,2021-07-05 13:22:00+00:00
0.9998639702548291,1.0,0.9930555555555556,0.9965156794425087,0.9999919902388205,Random Forest,hh-13,Gap-adaptive imputation,stratified,2021-07-03 13:23:00+00:00,2021-07-05 13:22:00+00:00
0.9997506121338533,0.9953542392566783,0.9918981481481481,0.9936231884057971,0.9753569899909625,Gradient Boosting,hh-13,Gap-adaptive imputation,stratified,2021-07-03 13:23:00+00:00,2021-07-05 13:22:00+00:00
0.9355672440373628,0.05650224215246637,0.14583333333333334,0.08144796380090498,0.11860605716001021,Isolation Forest best gamma=0.05,hh-13,Gap-adaptive imputation,stratified,2021-07-03 13:23:00+00:00,2021-07-05 13:22:00+00:00
0.9961629673052839,0.0,0.0,0.0,,Majority baseline,hh-14,No missingness/original,stratified,2022-01-09 08:27:00+00:00,2022-01-11 08:26:00+00:00
0.9881558261611021,0.24468988954970264,1.0,0.3931740614334471,1.0,Night threshold,hh-14,No missingness/original,stratified,2022-01-09 08:27:00+00:00,2022-01-11 08:26:00+00:00
1.0,1.0,1.0,1.0,1.0,Random Forest,hh-14,No missingness/original,stratified,2022-01-09 08:27:00+00:00,2022-01-11 08:26:00+00:00
1.0,1.0,1.0,1.0,1.0,Gradient Boosting,hh-14,No missingness/original,stratified,2022-01-09 08:27:00+00:00,2022-01-11 08:26:00+00:00
0.9936449145993764,0.33294048320565706,0.6539351851851852,0.4412338930105428,0.2920625232897033,Isolation Forest best gamma=0.005,hh-14,No missingness/original,stratified,2022-01-09 08:27:00+00:00,2022-01-11 08:26:00+00:00
0.9961629673052839,0.0,0.0,0.0,,Majority baseline,hh-14,Single linear imputation,stratified,2022-01-09 08:27:00+00:00,2022-01-11 08:26:00+00:00
0.9881913542416088,0.2452455293783707,1.0,0.39389104171415545,1.0,Night threshold,hh-14,Single linear imputation,stratified,2022-01-09 08:27:00+00:00,2022-01-11 08:26:00+00:00
1.0,1.0,1.0,1.0,1.0,Random Forest,hh-14,Single linear imputation,stratified,2022-01-09 08:27:00+00:00,2022-01-11 08:26:00+00:00
1.0,1.0,1.0,1.0,1.0,Gradient Boosting,hh-14,Single linear imputation,stratified,2022-01-09 08:27:00+00:00,2022-01-11 08:26:00+00:00
0.9930054091502571,0.2665791201575837,0.4699074074074074,0.34017595307917886,0.26415348739900213,Isolation Forest best gamma=0.005,hh-14,Single linear imputation,stratified,2022-01-09 08:27:00+00:00,2022-01-11 08:26:00+00:00
0.9961629673052839,0.0,0.0,0.0,,Majority baseline,hh-14,Single forward-fill imputation,stratified,2022-01-09 08:27:00+00:00,2022-01-11 08:26:00+00:00
0.9881913542416088,0.2452455293783707,1.0,0.39389104171415545,1.0,Night threshold,hh-14,Single forward-fill imputation,stratified,2022-01-09 08:27:00+00:00,2022-01-11 08:26:00+00:00
1.0,1.0,1.0,1.0,1.0,Random Forest,hh-14,Single forward-fill imputation,stratified,2022-01-09 08:27:00+00:00,2022-01-11 08:26:00+00:00
1.0,1.0,1.0,1.0,1.0,Gradient Boosting,hh-14,Single forward-fill imputation,stratified,2022-01-09 08:27:00+00:00,2022-01-11 08:26:00+00:00
0.9930276142005737,0.27458492975734355,0.4976851851851852,0.35390946502057613,0.24913420495172478,Isolation Forest best gamma=0.005,hh-14,Single forward-fill imputation,stratified,2022-01-09 08:27:00+00:00,2022-01-11 08:26:00+00:00
0.9961629673052839,0.0,0.0,0.0,,Majority baseline,hh-14,Single seasonal-profile imputation,stratified,2022-01-09 08:27:00+00:00,2022-01-11 08:26:00+00:00
0.9881913542416088,0.2452455293783707,1.0,0.39389104171415545,1.0,Night threshold,hh-14,Single seasonal-profile imputation,stratified,2022-01-09 08:27:00+00:00,2022-01-11 08:26:00+00:00
1.0,1.0,1.0,1.0,1.0,Random Forest,hh-14,Single seasonal-profile imputation,stratified,2022-01-09 08:27:00+00:00,2022-01-11 08:26:00+00:00
1.0,1.0,1.0,1.0,1.0,Gradient Boosting,hh-14,Single seasonal-profile imputation,stratified,2022-01-09 08:27:00+00:00,2022-01-11 08:26:00+00:00
0.9936848836899465,0.3302919708029197,0.6284722222222222,0.43301435406698563,0.24501018498380978,Isolation Forest best gamma=0.005,hh-14,Single seasonal-profile imputation,stratified,2022-01-09 08:27:00+00:00,2022-01-11 08:26:00+00:00
0.9961629673052839,0.0,0.0,0.0,,Majority baseline,hh-14,Gap-adaptive imputation,stratified,2022-01-09 08:27:00+00:00,2022-01-11 08:26:00+00:00
0.9881913542416088,0.2452455293783707,1.0,0.39389104171415545,1.0,Night threshold,hh-14,Gap-adaptive imputation,stratified,2022-01-09 08:27:00+00:00,2022-01-11 08:26:00+00:00
1.0,1.0,1.0,1.0,1.0,Random Forest,hh-14,Gap-adaptive imputation,stratified,2022-01-09 08:27:00+00:00,2022-01-11 08:26:00+00:00
1.0,1.0,1.0,1.0,1.0,Gradient Boosting,hh-14,Gap-adaptive imputation,stratified,2022-01-09 08:27:00+00:00,2022-01-11 08:26:00+00:00
0.9931608445024737,0.29613992762364294,0.5682870370370371,0.3893735130848533,0.2109802938671764,Isolation Forest best gamma=0.005,hh-14,Gap-adaptive imputation,stratified,2022-01-09 08:27:00+00:00,2022-01-11 08:26:00+00:00
0.9963513975751996,0.0,0.0,0.0,,Majority baseline,hh-15,No missingness/original,stratified,2022-01-25 12:14:00+00:00,2022-01-27 12:13:00+00:00
0.9746033622884845,0.004235656526761648,0.02546296296296296,0.007263123142951469,0.038381239600785565,Night threshold,hh-15,No missingness/original,stratified,2022-01-25 12:14:00+00:00,2022-01-27 12:13:00+00:00
0.9999831083221075,1.0,0.9953703703703703,0.9976798143851509,0.999997327003678,Random Forest,hh-15,No missingness/original,stratified,2022-01-25 12:14:00+00:00,2022-01-27 12:13:00+00:00
0.9999831083221075,1.0,0.9953703703703703,0.9976798143851509,0.9960012139336495,Gradient Boosting,hh-15,No missingness/original,stratified,2022-01-25 12:14:00+00:00,2022-01-27 12:13:00+00:00
0.9478089382313568,0.04690579424517146,0.6886574074074074,0.08782936010037641,0.03460911743883717,Isolation Forest best gamma=0.05,hh-15,No missingness/original,stratified,2022-01-25 12:14:00+00:00,2022-01-27 12:13:00+00:00
0.9963513975751996,0.0,0.0,0.0,,Majority baseline,hh-15,Single linear imputation,stratified,2022-01-25 12:14:00+00:00,2022-01-27 12:13:00+00:00
0.9746413685637428,0.004243008678881389,0.02546296296296296,0.007273929575136387,0.03843053036175224,Night threshold,hh-15,Single linear imputation,stratified,2022-01-25 12:14:00+00:00,2022-01-27 12:13:00+00:00
0.9999873312415806,1.0,0.9965277777777778,0.9982608695652174,1.0,Random Forest,hh-15,Single linear imputation,stratified,2022-01-25 12:14:00+00:00,2022-01-27 12:13:00+00:00
0.9970439563687961,0.9712643678160919,0.19560185185185186,0.325626204238921,0.19193728996521392,Gradient Boosting,hh-15,Single linear imputation,stratified,2022-01-25 12:14:00+00:00,2022-01-27 12:13:00+00:00
0.9474373213177197,0.03634616924185413,0.5254629629629629,0.06798951703481843,0.03242811245892021,Isolation Forest best gamma=0.05,hh-15,Single linear imputation,stratified,2022-01-25 12:14:00+00:00,2022-01-27 12:13:00+00:00
0.9963513975751996,0.0,0.0,0.0,,Majority baseline,hh-15,Single forward-fill imputation,stratified,2022-01-25 12:14:00+00:00,2022-01-27 12:13:00+00:00
0.9746413685637428,0.004243008678881389,0.02546296296296296,0.007273929575136387,0.038430760765292005,Night threshold,hh-15,Single forward-fill imputation,stratified,2022-01-25 12:14:00+00:00,2022-01-27 12:13:00+00:00
0.9999873312415806,1.0,0.9965277777777778,0.9982608695652174,0.9999986619567545,Random Forest,hh-15,Single forward-fill imputation,stratified,2022-01-25 12:14:00+00:00,2022-01-27 12:13:00+00:00
0.9999831083221075,1.0,0.9953703703703703,0.9976798143851509,0.996004783711473,Gradient Boosting,hh-15,Single forward-fill imputation,stratified,2022-01-25 12:14:00+00:00,2022-01-27 12:13:00+00:00
0.9475217797071828,0.038550562694548644,0.5590277777777778,0.07212723064287314,0.03345956225429537,Isolation Forest best gamma=0.05,hh-15,Single forward-fill imputation,stratified,2022-01-25 12:14:00+00:00,2022-01-27 12:13:00+00:00
0.9963513975751996,0.0,0.0,0.0,,Majority baseline,hh-15,Single seasonal-profile imputation,stratified,2022-01-25 12:14:00+00:00,2022-01-27 12:13:00+00:00
0.9746371456442697,0.004242190512919399,0.02546296296296296,0.007272727272727273,0.038430760765292,Night threshold,hh-15,Single seasonal-profile imputation,stratified,2022-01-25 12:14:00+00:00,2022-01-27 12:13:00+00:00
0.9999873312415806,1.0,0.9965277777777778,0.9982608695652174,1.0,Random Forest,hh-15,Single seasonal-profile imputation,stratified,2022-01-25 12:14:00+00:00,2022-01-27 12:13:00+00:00
0.9999831083221075,1.0,0.9953703703703703,0.9976798143851509,0.996004783711473,Gradient Boosting,hh-15,Single seasonal-profile imputation,stratified,2022-01-25 12:14:00+00:00,2022-01-27 12:13:00+00:00
0.9479102882987124,0.04642151047844998,0.6793981481481481,0.08690502627877711,0.035372331657716215,Isolation Forest best gamma=0.05,hh-15,Single seasonal-profile imputation,stratified,2022-01-25 12:14:00+00:00,2022-01-27 12:13:00+00:00
0.9963513975751996,0.0,0.0,0.0,,Majority baseline,hh-15,Gap-adaptive imputation,stratified,2022-01-25 12:14:00+00:00,2022-01-27 12:13:00+00:00
0.9746413685637428,0.004243008678881389,0.02546296296296296,0.007273929575136387,0.03842726512907814,Night threshold,hh-15,Gap-adaptive imputation,stratified,2022-01-25 12:14:00+00:00,2022-01-27 12:13:00+00:00
0.9999873312415806,1.0,0.9965277777777778,0.9982608695652174,0.9999986619567545,Random Forest,hh-15,Gap-adaptive imputation,stratified,2022-01-25 12:14:00+00:00,2022-01-27 12:13:00+00:00
0.9999831083221075,1.0,0.9953703703703703,0.9976798143851509,0.9959963384898575,Gradient Boosting,hh-15,Gap-adaptive imputation,stratified,2022-01-25 12:14:00+00:00,2022-01-27 12:13:00+00:00
0.9476822506471624,0.042840142800476,0.625,0.08018412651273295,0.0344021314817962,Isolation Forest best gamma=0.05,hh-15,Gap-adaptive imputation,stratified,2022-01-25 12:14:00+00:00,2022-01-27 12:13:00+00:00
0.9877888488446046,0.0,0.0,0.0,,Majority baseline,hh-16,No missingness/original,stratified,2021-06-08 21:15:00+00:00,2021-06-10 21:14:00+00:00
0.9613172213977811,0.0015965939329430547,0.003472222222222222,0.002187386073641998,0.16710106146723075,Night threshold,hh-16,No missingness/original,stratified,2021-06-08 21:15:00+00:00,2021-06-10 21:14:00+00:00
0.9999717334463996,1.0,0.9976851851851852,0.9988412514484357,1.0,Random Forest,hh-16,No missingness/original,stratified,2021-06-08 21:15:00+00:00,2021-06-10 21:14:00+00:00
1.0,1.0,1.0,1.0,1.0,Gradient Boosting,hh-16,No missingness/original,stratified,2021-06-08 21:15:00+00:00,2021-06-10 21:14:00+00:00
0.9788566179068617,0.34585365853658534,0.8206018518518519,0.48661633493479756,0.2608347082222038,Isolation Forest best gamma=0.02,hh-16,No missingness/original,stratified,2021-06-08 21:15:00+00:00,2021-06-10 21:14:00+00:00
0.9877888488446046,0.0,0.0,0.0,,Majority baseline,hh-16,Single linear imputation,stratified,2021-06-08 21:15:00+00:00,2021-06-10 21:14:00+00:00
0.9617412197017878,0.0016224986479177934,0.003472222222222222,0.0022115739034279398,0.17006253398042417,Night threshold,hh-16,Single linear imputation,stratified,2021-06-08 21:15:00+00:00,2021-06-10 21:14:00+00:00
0.9999717334463996,1.0,0.9976851851851852,0.9988412514484357,1.0,Random Forest,hh-16,Single linear imputation,stratified,2021-06-08 21:15:00+00:00,2021-06-10 21:14:00+00:00
1.0,1.0,1.0,1.0,1.0,Gradient Boosting,hh-16,Single linear imputation,stratified,2021-06-08 21:15:00+00:00,2021-06-10 21:14:00+00:00
0.9520740583704331,0.20023724792408065,0.9768518518518519,0.33234888757629455,0.168352658555261,Isolation Forest best gamma=0.05,hh-16,Single linear imputation,stratified,2021-06-08 21:15:00+00:00,2021-06-10 21:14:00+00:00
0.9877888488446046,0.0,0.0,0.0,,Majority baseline,hh-16,Single forward-fill imputation,stratified,2021-06-08 21:15:00+00:00,2021-06-10 21:14:00+00:00
0.9617412197017878,0.0016224986479177934,0.003472222222222222,0.0022115739034279398,0.17006253398042417,Night threshold,hh-16,Single forward-fill imputation,stratified,2021-06-08 21:15:00+00:00,2021-06-10 21:14:00+00:00
0.9999717334463996,1.0,0.9976851851851852,0.9988412514484357,1.0,Random Forest,hh-16,Single forward-fill imputation,stratified,2021-06-08 21:15:00+00:00,2021-06-10 21:14:00+00:00
1.0,1.0,1.0,1.0,1.0,Gradient Boosting,hh-16,Single forward-fill imputation,stratified,2021-06-08 21:15:00+00:00,2021-06-10 21:14:00+00:00
0.971125715497138,0.2847754654983571,0.9027777777777778,0.43297252289758537,0.18350418566069074,Isolation Forest best gamma=0.03,hh-16,Single forward-fill imputation,stratified,2021-06-08 21:15:00+00:00,2021-06-10 21:14:00+00:00
0.9877888488446046,0.0,0.0,0.0,,Majority baseline,hh-16,Single seasonal-profile imputation,stratified,2021-06-08 21:15:00+00:00,2021-06-10 21:14:00+00:00
0.9617412197017878,0.0016224986479177934,0.003472222222222222,0.0022115739034279398,0.17006253398042417,Night threshold,hh-16,Single seasonal-profile imputation,stratified,2021-06-08 21:15:00+00:00,2021-06-10 21:14:00+00:00
0.9999717334463996,1.0,0.9976851851851852,0.9988412514484357,1.0,Random Forest,hh-16,Single seasonal-profile imputation,stratified,2021-06-08 21:15:00+00:00,2021-06-10 21:14:00+00:00
1.0,1.0,1.0,1.0,1.0,Gradient Boosting,hh-16,Single seasonal-profile imputation,stratified,2021-06-08 21:15:00+00:00,2021-06-10 21:14:00+00:00
0.9521305914776341,0.20042745191165995,0.9768518518518519,0.3326108374384236,0.14555309046280027,Isolation Forest best gamma=0.05,hh-16,Single seasonal-profile imputation,stratified,2021-06-08 21:15:00+00:00,2021-06-10 21:14:00+00:00
0.9877888488446046,0.0,0.0,0.0,,Majority baseline,hh-16,Gap-adaptive imputation,stratified,2021-06-08 21:15:00+00:00,2021-06-10 21:14:00+00:00
0.961755352978588,0.0016233766233766235,0.003472222222222222,0.0022123893805309734,0.17003166616717474,Night threshold,hh-16,Gap-adaptive imputation,stratified,2021-06-08 21:15:00+00:00,2021-06-10 21:14:00+00:00
0.9999717334463996,1.0,0.9976851851851852,0.9988412514484357,1.0,Random Forest,hh-16,Gap-adaptive imputation,stratified,2021-06-08 21:15:00+00:00,2021-06-10 21:14:00+00:00
0.9999858667231998,0.9988439306358381,1.0,0.9994216310005783,0.9988439306358381,Gradient Boosting,hh-16,Gap-adaptive imputation,stratified,2021-06-08 21:15:00+00:00,2021-06-10 21:14:00+00:00
0.9519044590488305,0.19981082998344762,0.9780092592592593,0.33182799921460826,0.1666102860375533,Isolation Forest best gamma=0.05,hh-16,Gap-adaptive imputation,stratified,2021-06-08 21:15:00+00:00,2021-06-10 21:14:00+00:00
0.9960771493952272,0.0,0.0,0.0,,Majority baseline,hh-17,No missingness/original,stratified,2021-12-23 11:51:00+00:00,2021-12-25 11:50:00+00:00
0.9650303294468054,0.01003152765835483,0.08101851851851852,0.017852588625350677,0.06408949188587479,Night threshold,hh-17,No missingness/original,stratified,2021-12-23 11:51:00+00:00,2021-12-25 11:50:00+00:00
0.9999818386546075,1.0,0.9953703703703703,0.9976798143851509,0.9999946385206823,Random Forest,hh-17,No missingness/original,stratified,2021-12-23 11:51:00+00:00,2021-12-25 11:50:00+00:00
0.9977479931713341,0.8865546218487395,0.48842592592592593,0.6298507462686567,0.4628060519277394,Gradient Boosting,hh-17,No missingness/original,stratified,2021-12-23 11:51:00+00:00,2021-12-25 11:50:00+00:00
0.9895572263993316,0.2680878552971576,0.9606481481481481,0.41919191919191917,0.3242066851229589,Isolation Forest best gamma=0.01,hh-17,No missingness/original,stratified,2021-12-23 11:51:00+00:00,2021-12-25 11:50:00+00:00
0.9960771493952272,0.0,0.0,0.0,,Majority baseline,hh-17,Single linear imputation,stratified,2021-12-23 11:51:00+00:00,2021-12-25 11:50:00+00:00
0.9651120555010715,0.010057471264367816,0.08101851851851852,0.01789366053169734,0.06430478244266022,Night threshold,hh-17,Single linear imputation,stratified,2021-12-23 11:51:00+00:00,2021-12-25 11:50:00+00:00
0.9999818386546075,1.0,0.9953703703703703,0.9976798143851509,0.9999959812206909,Random Forest,hh-17,Single linear imputation,stratified,2021-12-23 11:51:00+00:00,2021-12-25 11:50:00+00:00
0.9977479931713341,0.8865546218487395,0.48842592592592593,0.6298507462686567,0.4628074790339095,Gradient Boosting,hh-17,Single linear imputation,stratified,2021-12-23 11:51:00+00:00,2021-12-25 11:50:00+00:00
0.9895935490901165,0.27086007702182285,0.9768518518518519,0.42412060301507537,0.33260226711990404,Isolation Forest best gamma=0.01,hh-17,Single linear imputation,stratified,2021-12-23 11:51:00+00:00,2021-12-25 11:50:00+00:00
0.9960771493952272,0.0,0.0,0.0,,Majority baseline,hh-17,Single forward-fill imputation,stratified,2021-12-23 11:51:00+00:00,2021-12-25 11:50:00+00:00
0.9651165958374196,0.010058916510992959,0.08101851851851852,0.01789594784609485,0.06430478244266022,Night threshold,hh-17,Single forward-fill imputation,stratified,2021-12-23 11:51:00+00:00,2021-12-25 11:50:00+00:00
0.9999818386546075,1.0,0.9953703703703703,0.9976798143851509,0.9999946385206822,Random Forest,hh-17,Single forward-fill imputation,stratified,2021-12-23 11:51:00+00:00,2021-12-25 11:50:00+00:00
0.9977479931713341,0.8865546218487395,0.48842592592592593,0.6298507462686567,0.4628074790339095,Gradient Boosting,hh-17,Single forward-fill imputation,stratified,2021-12-23 11:51:00+00:00,2021-12-25 11:50:00+00:00
0.9934664559950601,0.3283582089552239,0.6365740740740741,0.4332414336352895,0.3449168497940432,Isolation Forest best gamma=0.005,hh-17,Single forward-fill imputation,stratified,2021-12-23 11:51:00+00:00,2021-12-25 11:50:00+00:00
0.9960771493952272,0.0,0.0,0.0,,Majority baseline,hh-17,Single seasonal-profile imputation,stratified,2021-12-23 11:51:00+00:00,2021-12-25 11:50:00+00:00
0.9651075151647234,0.010056026432983766,0.08101851851851852,0.017891373801916934,0.06430478244266022,Night threshold,hh-17,Single seasonal-profile imputation,stratified,2021-12-23 11:51:00+00:00,2021-12-25 11:50:00+00:00
0.9999818386546075,1.0,0.9953703703703703,0.9976798143851509,0.9999946385206822,Random Forest,hh-17,Single seasonal-profile imputation,stratified,2021-12-23 11:51:00+00:00,2021-12-25 11:50:00+00:00
0.9977479931713341,0.8865546218487395,0.48842592592592593,0.6298507462686567,0.4628074790339095,Gradient Boosting,hh-17,Single seasonal-profile imputation,stratified,2021-12-23 11:51:00+00:00,2021-12-25 11:50:00+00:00
0.989607170099161,0.27053140096618356,0.9722222222222222,0.42328042328042326,0.34617199332303356,Isolation Forest best gamma=0.01,hh-17,Single seasonal-profile imputation,stratified,2021-12-23 11:51:00+00:00,2021-12-25 11:50:00+00:00
0.9960771493952272,0.0,0.0,0.0,,Majority baseline,hh-17,Gap-adaptive imputation,stratified,2021-12-23 11:51:00+00:00,2021-12-25 11:50:00+00:00
0.9651256765101158,0.010061808250682766,0.08101851851851852,0.017900524229638153,0.06430478244266022,Night threshold,hh-17,Gap-adaptive imputation,stratified,2021-12-23 11:51:00+00:00,2021-12-25 11:50:00+00:00
0.9999818386546075,1.0,0.9953703703703703,0.9976798143851509,0.9999959812206909,Random Forest,hh-17,Gap-adaptive imputation,stratified,2021-12-23 11:51:00+00:00,2021-12-25 11:50:00+00:00
0.9977479931713341,0.8865546218487395,0.48842592592592593,0.6298507462686567,0.46264165846761873,Gradient Boosting,hh-17,Gap-adaptive imputation,stratified,2021-12-23 11:51:00+00:00,2021-12-25 11:50:00+00:00
0.9934573753223639,0.32918886915334516,0.6435185185185185,0.4355660007833921,0.346809834821833,Isolation Forest best gamma=0.005,hh-17,Gap-adaptive imputation,stratified,2021-12-23 11:51:00+00:00,2021-12-25 11:50:00+00:00
